{
  "generated_at": "2026-04-01T16:16:25.811387",
  "freqtrade_backtesting": {
    "command": [
      "freqtrade",
      "backtesting",
      "--strategy",
      "AdaptiveMetaStrategy",
      "--strategy-path",
      "user_data/strategies",
      "--timerange",
      "20220101-20241231",
      "--timeframe",
      "5m"
    ],
    "returncode": 127,
    "stdout": "",
    "stderr": "[Errno 2] No such file or directory: 'freqtrade'"
  },
  "internal_backtesting": {
    "total_return": 0.025192149604528424,
    "sharpe": 0.5917263354139386,
    "sortino": 2.004459314343183,
    "profit_factor": 4.125,
    "max_drawdown": 0.003999999999999938,
    "win_rate": 0.7,
    "average_trade_return": 0.0025,
    "trade_frequency": 10,
    "regime_breakdown": {
      "bullish": {
        "sharpe": 2.7174648819470297,
        "sortino": 0.0,
        "profit_factor": 0.024,
        "max_drawdown": 0.0,
        "win_rate": 1.0
      },
      "bearish": {
        "sharpe": -0.8111071056538127,
        "sortino": -1.6666666666666667,
        "profit_factor": 0.16666666666666666,
        "max_drawdown": 0.004997992000000173,
        "win_rate": 0.3333333333333333
      },
      "sideways": {
        "sharpe": 1.3416407864998738,
        "sortino": 0.0,
        "profit_factor": 0.006,
        "max_drawdown": 0.0,
        "win_rate": 0.75
      }
    }
  }
}